title,link,source,ai_summary,time
'I've made a million mistakes' - Frankie Dettori recalls the highs and lows of his extraordinary career in a straight-talking interview,https://www.racingpost.com/news/features/the-big-read/ive-made-a-million-mistakes-frankie-dettori-recalls-the-highs-and-lows-of-his-extraordinary-career-in-a-straight-talking-interview-ayv1j6z0Ygat/,racing_post,傳奇騎師法蘭基·迪托利，結束其40年充滿戲劇性、高潮迭起且名震世界的職業生涯，選擇在里約而非傳統賽場退役，以兩場勝利及招牌飛躍離鞍，為輝煌成就畫上句號。,
Game Spirit Chase: 'That should stand us in good stead for the Arkle' - Lulamba passes test as he warms up for festival,https://www.racingpost.com/news/reports/arkle-favourite-lulamba-makes-it-three-from-three-over-fences-with-success-at-4-11-anVUg7Y5KJkb/,racing_post,新秀賽馬Lulamba在「賽馬精神追逐賽」中，克服惡劣場地及經驗對手的嚴峻考驗成功奪冠，展現非凡級數並累積寶貴經驗，使其成為下月阿克爾障礙賽的奪冠熱門。,
IHRB insists Redwood Queen investigation was 'thorough' despite it declining to avail of BHA assistance,https://www.racingpost.com/news/ireland/ihrb-insists-redwood-queen-investigation-was-thorough-despite-it-declining-to-avail-of-bha-assistance-aIz3C4M2jnlr/,racing_post,愛爾蘭賽馬監管局（IHRB）對騎師墜馬案的調查，因無視英國賽馬局（BHA）屢次就異常投注與誠信發出的警告，遭廣泛質疑其徹底性。,
Tom Segal tipped William Hill Hurdle winner Tutti Quanti on Saturday - find out his best bets for the action at Chelmsford and Navan,https://www.racingpost.com/horse-racing-tips/premium-tips/top-tipsters/tom-segal-tipped-william-hill-hurdle-winner-tutti-quanti-on-saturday-find-out-his-best-bets-for-the-action-at-chelmsford-and-navan-ac5OX9A4acF2/,racing_post,「Racing Post+」推出頂級專家賽馬貼士服務，現享全年六五折訂閱優惠，更為車士打賽馬節呈獻獨家賽馬內容，助您掌握最新資訊。,
'Where would he be in the betting?' - Nicky Henderson playfully asks a Champion Hurdle question after Lulamba's dominant display,https://www.racingpost.com/news/reports/where-would-he-be-in-the-betting-nicky-henderson-playfully-asks-a-champion-hurdle-question-after-lulambas-dominant-display-auuws8E6i6WM/,racing_post,尼基·亨德森馬房雙重困境：主力馬Sir Gino住院前景未卜，而Lulamba雖勝卻現血跡與跳躍不穩，兩駒的切爾滕納姆前景皆堪憂。,
'He has got everything he needs to win one' - Dan Skelton has his sights set on festival glory,https://www.racingpost.com/news/festivals/cheltenham-festival/he-has-got-everything-he-needs-to-win-one-dan-skelton-has-his-sights-set-on-champion-hurdle-glory-with-the-new-lion-ardEk8f3KZMD/,racing_post,練馬師斯科爾頓堅信旗下馬匹「新獅子」已具備級數、耐力及速度，足以挑戰下月切爾滕納姆賽馬節的冠軍障礙賽寶座。,
'Very encouraging' start for Friday Night Live with betting turnover up 60 per cent on Racing League average at first meeting,https://www.racingpost.com/news/britain/very-encouraging-start-for-friday-night-live-with-betting-turnover-up-60-per-cent-on-racing-league-average-at-first-meeting-aJHzj1I0Jvxm/,racing_post,「週五夜間現場」賽馬以創新娛樂吸引年輕觀眾，投注額遠超預期，證明賽馬業拓展新市場策略初戰告捷，前景看好。,
Haiti Couleurs and Lulamba prep for Cheltenham with wins before Tutti Quanti shines - Saturday's action as it happened,https://www.racingpost.com/news/raceday-intel/saturday-build-up-all-the-latest-weather-news-and-market-moves-as-haiti-couleurs-puts-cheltenham-credentials-on-the-line-rPtGm6Y59zQK/,racing_post,圖提寬提在威廉希爾跨欄賽大勝15個馬身，練馬師保羅·尼科爾斯考慮為其補報冠軍跨欄賽（賠率20賠1）；同日海地色彩與盧蘭巴亦贏得二級賽，將進軍下月卻爾頓賽馬節。,
Cheltenham Stable Tours return - and now is the perfect time to join Racing Post+ with 35% off for A WHOLE YEAR,https://www.racingpost.com/news/cheltenham-stable-tours-return-and-now-is-the-perfect-time-to-join-racing-post-with-35-off-for-a-whole-year-a1tp92H7rjPM/,racing_post,Racing Post+ 慶祝切爾滕納姆賽馬節倒數，推出年度訂閱六五折優惠，提供獨家馬房巡禮及專家貼士，助您全面備戰這項盛事。,
Newbury: 'On testing ground you'd want to have him in the Champion Hurdle' - all-the-way victory puts Tutti Quanti in festival contention,https://www.racingpost.com/news/reports/he-could-be-a-serious-british-contender-for-the-supreme-sober-glory-cut-to-16-1-for-festival-opener-after-impressing-harry-cobden-a5hKy6I51TRi/,racing_post,Tutti Quanti輕鬆贏得威廉希爾跨欄賽，練馬師尼科爾斯考慮讓牠補報角逐冠軍跨欄賽，最終決定將視乎屆時場地情況。,
Tutti Quanti may prove a touch below Champion Hurdle class - but his rout paid huge compliments to this 20-1 shot for the Supreme,https://www.racingpost.com/news/betting-insight/tutti-quanti-may-prove-a-touch-below-champion-hurdle-class-but-his-rout-paid-huge-compliments-to-this-20-1-shot-for-the-supreme-a1JuR6q2dw1L/,racing_post,蒂蒂寬蒂在紐貝里障礙賽中，於負重及久休劣勢下，以15馬位大勝，展現黑馬潛力，有望挑戰冠軍障礙賽。,
Denman Chase: 'Job done and all systems go for the Gold Cup' after Haiti Couleurs puts rivals to the sword at Newbury,https://www.racingpost.com/news/reports/cheltenham-gold-cup-hope-haiti-couleurs-puts-denman-chase-rivals-to-the-sword-under-sean-bowen-aRe9z5J0sVvg/,racing_post,「海地色彩」勝出二級賽登曼追逐賽，晉級切爾滕納姆金盃，為威爾斯馬匹自1990年以來再奪金盃燃點希望，儘管牠的跳躍表現不穩，最終仍以七個馬位優勢獲勝。,
Ruby Walsh on what might help Haiti Couleurs go toe to toe with the best in the Gold Cup,https://www.racingpost.com/news/festivals/cheltenham-festival/ruby-walsh-on-what-might-help-haiti-couleurs-go-toe-to-toe-with-the-best-in-the-gold-cup-as7IK8G7oxxg/,racing_post,賽馬專家魯比．華殊建議，儘管海地高盧贏得Denman Chase但跳欄仍不穩，應在金盃賽佩戴頰罩，以提升其專注力及競賽表現，增強奪冠機會。,
2.50 Navan: Gordon Elliott saddles three with strong claims in Boyne Hurdle against Grade 1 winner Hiddenvalley Lake,https://www.racingpost.com/news/raceday-intel/gordon-elliott-saddles-three-with-strong-claims-in-boyne-hurdle-against-grade-1-winner-hiddenvalley-lake-aAhnM5c76GbG/,racing_post,一場六駒激烈賽事，Maxxum、Hiddenvalley Lake等強敵環伺，但因狀態佳、受讓磅且適應惡劣場地，Staffordshire Knot最被看好奪冠；練馬師Gordon Elliott亦派出三駒爭勝。,
'The market is likely to underestimate her chances' - Conor Fennelly with two fancies at Navan on Sunday,https://www.racingpost.com/horse-racing-tips/premium-tips/view-from-ireland/the-market-is-likely-to-underestimate-her-chances-conor-fennelly-with-two-fancies-at-navan-on-sunday-aQ9tj3k0tOSB/,racing_post,Racing Post+ 貼士服務提供頂尖專家獨家投注建議，每日同步於網站（下午6時起）及《Racing Post》報章刊載，助您獲取高端賽事分析。,
"Free horse racing tips for Sunday, February 8, at Chelmsford",https://www.racingpost.com/horse-racing-tips/todays-top-tips/free-horse-racing-tips-for-sunday-february-8-at-chelmsford-aL9bd3G6KdXz/,racing_post,此文提供雀爾姆斯福週日賽馬頂級貼士，由專家詳細分析各駒狀態，並推薦精選馬匹及豐富投注優惠，助馬迷把握致勝先機。,
3.37 Chelmsford: 'He's capable of winning an event like this' - will a big class-dropper take feature or can an improver land the spoils?,https://www.racingpost.com/news/raceday-intel/hes-capable-of-winning-an-event-like-this-will-a-big-class-dropper-take-chelmsford-feature-or-can-an-improver-land-the-spoils-ajEVp9o4N4zs/,racing_post,Saffie Osborne策騎的Bint Al Daar因降班及與練馬師Kevin Frost合作佳而備受看好為主要熱門，Jodhpur Blue與Harlington亦屬有力爭標分子。,
The 'good old-fashioned stable lad' who always kept a bit of info back for himself - however hard John Gosden tried,https://www.racingpost.com/news/features/series/the-good-old-fashioned-stable-lad-who-always-kept-a-bit-of-info-back-for-himself-however-hard-john-gosden-tried-a4XQj2L8njgJ/,racing_post,「威爾士佬」約翰．威廉士，這位曾獲賽馬福利會表彰、擁逾七十年賽馬生涯的善良「老派馬房助理」，上月78歲猝逝獲追憶。,
Gordon Elliott has been slashed to 2-1 to be champion trainer - but is that a brilliant price or a brutal one?,https://www.racingpost.com/news/opinion/comment/gordon-elliott-has-been-slashed-to-2-1-to-be-champion-trainer-but-is-that-a-brilliant-price-or-a-brutal-one-aPBvE1D0ZvAq/,racing_post,2025年切爾滕納姆賽馬節對練馬師戈登·艾略特極為慘淡，僅靠一勝避免空手，但他承諾深刻反思並持續尋求改進之道。,
Cheltenham isn't a sports day with rosettes for everyone - and that's why breeders are wrong when it comes to mares' allowances,https://www.racingpost.com/news/opinion/comment/cheltenham-isnt-a-sports-day-with-rosettes-for-everyone-and-thats-why-breeders-are-wrong-when-it-comes-to-mares-allowances-aPfKa8P6LZ0j/,racing_post,關於錦標賽母馬讓磅的年度爭議再起，育種者梅約引研究主張，母馬表現不如雄馬，應保留甚至增加讓磅，以彌補其天生劣勢。,
'He picks up. We’ll win this. Fact To File won’t get home. We’ll get him',https://www.racingpost.com/news/features/patrick-mullins/he-picks-up.-well-win-this.-fact-to-file-wont-get-home.-well-get-him-aDvYb4W2yuc8,racing_post,週二雨中重泥地，盧比策騎「加洛平神駒」完成快操，騎練雙方均對其表現感到非常滿意。,
Warwick: 'We're very excited about him. The world is his oyster' - Steel Ally shows mettle in Kingmaker,https://www.racingpost.com/news/reports/were-very-excited-about-him.-the-world-is-his-oyster-steel-ally-shows-mettle-in-kingmaker-a5V1H1t2H8ky,racing_post,"摘要失敗: 429 You exceeded your current quota, please check your plan and billing details. For more information on this error, head to: https://ai.google.dev/gemini-api/docs/rate-limits. To monitor your current usage, head to: https://ai.dev/rate-limit. 
* Quota exceeded for metric: generativelanguage.googleapis.com/generate_content_free_tier_requests, limit: 20, model: gemini-2.5-flash
Please retry in 50.952985294s. [links {
  description: ""Learn more about Gemini API quotas""
  url: ""https://ai.google.dev/gemini-api/docs/rate-limits""
}
, violations {
  quota_metric: ""generativelanguage.googleapis.com/generate_content_free_tier_requests""
  quota_id: ""GenerateRequestsPerDayPerProjectPerModel-FreeTier""
  quota_dimensions {
    key: ""model""
    value: ""gemini-2.5-flash""
  }
  quota_dimensions {
    key: ""location""
    value: ""global""
  }
  quota_value: 20
}
, retry_delay {
  seconds: 50
}
]",
Leading Stayers' Hurdle fancy Honesty Policy set to go straight to Cheltenham with ground too testing for planned warm-up,https://www.racingpost.com/news/ireland/leading-stayers-hurdle-fancy-honesty-policy-set-to-go-straight-to-cheltenham-with-ground-too-testing-for-planned-warm-up-aF62V5N2I1nP/,racing_post,"摘要失敗: 429 You exceeded your current quota, please check your plan and billing details. For more information on this error, head to: https://ai.google.dev/gemini-api/docs/rate-limits. To monitor your current usage, head to: https://ai.dev/rate-limit. 
* Quota exceeded for metric: generativelanguage.googleapis.com/generate_content_free_tier_requests, limit: 20, model: gemini-2.5-flash
Please retry in 46.567234087s. [links {
  description: ""Learn more about Gemini API quotas""
  url: ""https://ai.google.dev/gemini-api/docs/rate-limits""
}
, violations {
  quota_metric: ""generativelanguage.googleapis.com/generate_content_free_tier_requests""
  quota_id: ""GenerateRequestsPerDayPerProjectPerModel-FreeTier""
  quota_dimensions {
    key: ""model""
    value: ""gemini-2.5-flash""
  }
  quota_dimensions {
    key: ""location""
    value: ""global""
  }
  quota_value: 20
}
, retry_delay {
  seconds: 46
}
]",
He's electric! Meet the former sparky lighting up the sport after 'magic' spell brings seven winners from 11 rides,https://www.racingpost.com/news/ireland/hes-electric-meet-the-former-sparky-lighting-up-the-sport-after-magic-spell-brings-seven-winners-from-11-rides-aExff9Q5wfJt/,racing_post,"摘要失敗: 429 You exceeded your current quota, please check your plan and billing details. For more information on this error, head to: https://ai.google.dev/gemini-api/docs/rate-limits. To monitor your current usage, head to: https://ai.dev/rate-limit. 
* Quota exceeded for metric: generativelanguage.googleapis.com/generate_content_free_tier_requests, limit: 20, model: gemini-2.5-flash
Please retry in 42.193434932s. [links {
  description: ""Learn more about Gemini API quotas""
  url: ""https://ai.google.dev/gemini-api/docs/rate-limits""
}
, violations {
  quota_metric: ""generativelanguage.googleapis.com/generate_content_free_tier_requests""
  quota_id: ""GenerateRequestsPerDayPerProjectPerModel-FreeTier""
  quota_dimensions {
    key: ""model""
    value: ""gemini-2.5-flash""
  }
  quota_dimensions {
    key: ""location""
    value: ""global""
  }
  quota_value: 20
}
, retry_delay {
  seconds: 42
}
]",
Frankie Dettori reveals the one horse who had him seeking a return to Britain - only for John Gosden to turn him down,https://www.racingpost.com/news/britain/frankie-dettori-reveals-the-one-horse-who-had-him-seeking-a-return-to-britain-only-for-john-gosden-to-turn-him-down-a2hZh7c6JCNX/,racing_post,"摘要失敗: 429 You exceeded your current quota, please check your plan and billing details. For more information on this error, head to: https://ai.google.dev/gemini-api/docs/rate-limits. To monitor your current usage, head to: https://ai.dev/rate-limit. 
* Quota exceeded for metric: generativelanguage.googleapis.com/generate_content_free_tier_requests, limit: 20, model: gemini-2.5-flash
Please retry in 37.815362552s. [links {
  description: ""Learn more about Gemini API quotas""
  url: ""https://ai.google.dev/gemini-api/docs/rate-limits""
}
, violations {
  quota_metric: ""generativelanguage.googleapis.com/generate_content_free_tier_requests""
  quota_id: ""GenerateRequestsPerDayPerProjectPerModel-FreeTier""
  quota_dimensions {
    key: ""model""
    value: ""gemini-2.5-flash""
  }
  quota_dimensions {
    key: ""location""
    value: ""global""
  }
  quota_value: 20
}
, retry_delay {
  seconds: 37
}
]",
"Poker genius, visionary football chairman and pioneering data-led punter - the many (profitable) faces of Tony Bloom",https://www.racingpost.com/news/features/masters-of-betting/poker-genius-visionary-football-chairman-and-pioneering-data-led-punter-the-many-profitable-faces-of-tony-bloom-a0UWt2Y6DPmh/,racing_post,"摘要失敗: 429 You exceeded your current quota, please check your plan and billing details. For more information on this error, head to: https://ai.google.dev/gemini-api/docs/rate-limits. To monitor your current usage, head to: https://ai.dev/rate-limit. 
* Quota exceeded for metric: generativelanguage.googleapis.com/generate_content_free_tier_requests, limit: 20, model: gemini-2.5-flash
Please retry in 33.421638373s. [links {
  description: ""Learn more about Gemini API quotas""
  url: ""https://ai.google.dev/gemini-api/docs/rate-limits""
}
, violations {
  quota_metric: ""generativelanguage.googleapis.com/generate_content_free_tier_requests""
  quota_id: ""GenerateRequestsPerDayPerProjectPerModel-FreeTier""
  quota_dimensions {
    key: ""model""
    value: ""gemini-2.5-flash""
  }
  quota_dimensions {
    key: ""location""
    value: ""global""
  }
  quota_value: 20
}
, retry_delay {
  seconds: 33
}
]",
"Introducing Masters of Betting, an unmissable series available now - read it all with 25% off RP+",https://www.racingpost.com/news/introducing-masters-of-betting-an-unmissable-series-next-week-in-the-racing-post-read-it-all-with-25-off-rp-aJKV17m1iNzx/,racing_post,"摘要失敗: 429 You exceeded your current quota, please check your plan and billing details. For more information on this error, head to: https://ai.google.dev/gemini-api/docs/rate-limits. To monitor your current usage, head to: https://ai.dev/rate-limit. 
* Quota exceeded for metric: generativelanguage.googleapis.com/generate_content_free_tier_requests, limit: 20, model: gemini-2.5-flash
Please retry in 28.995462909s. [links {
  description: ""Learn more about Gemini API quotas""
  url: ""https://ai.google.dev/gemini-api/docs/rate-limits""
}
, violations {
  quota_metric: ""generativelanguage.googleapis.com/generate_content_free_tier_requests""
  quota_id: ""GenerateRequestsPerDayPerProjectPerModel-FreeTier""
  quota_dimensions {
    key: ""model""
    value: ""gemini-2.5-flash""
  }
  quota_dimensions {
    key: ""location""
    value: ""global""
  }
  quota_value: 20
}
, retry_delay {
  seconds: 28
}
]",
"'I was down £11,000 but you can't let that alter what you do' - meet one of the giants of on-course betting",https://www.racingpost.com/news/features/masters-of-betting/i-was-down-11000-but-you-cant-let-that-alter-what-you-do-meet-one-of-the-giants-of-on-course-betting-aXYs01f58AHh/,racing_post,"摘要失敗: 429 You exceeded your current quota, please check your plan and billing details. For more information on this error, head to: https://ai.google.dev/gemini-api/docs/rate-limits. To monitor your current usage, head to: https://ai.dev/rate-limit. 
* Quota exceeded for metric: generativelanguage.googleapis.com/generate_content_free_tier_requests, limit: 20, model: gemini-2.5-flash
Please retry in 24.618802609s. [links {
  description: ""Learn more about Gemini API quotas""
  url: ""https://ai.google.dev/gemini-api/docs/rate-limits""
}
, violations {
  quota_metric: ""generativelanguage.googleapis.com/generate_content_free_tier_requests""
  quota_id: ""GenerateRequestsPerDayPerProjectPerModel-FreeTier""
  quota_dimensions {
    key: ""model""
    value: ""gemini-2.5-flash""
  }
  quota_dimensions {
    key: ""location""
    value: ""global""
  }
  quota_value: 20
}
, retry_delay {
  seconds: 24
}
]",
When science met punting: the godfather of modern-day betting and his golden rules that remain valid to this day,https://www.racingpost.com/news/features/masters-of-betting/when-science-met-punting-the-godfather-of-modern-day-betting-and-his-golden-rules-that-remain-valid-to-this-day-aO1b67N07bKR/,racing_post,"摘要失敗: 429 You exceeded your current quota, please check your plan and billing details. For more information on this error, head to: https://ai.google.dev/gemini-api/docs/rate-limits. To monitor your current usage, head to: https://ai.dev/rate-limit. 
* Quota exceeded for metric: generativelanguage.googleapis.com/generate_content_free_tier_requests, limit: 20, model: gemini-2.5-flash
Please retry in 20.246649222s. [links {
  description: ""Learn more about Gemini API quotas""
  url: ""https://ai.google.dev/gemini-api/docs/rate-limits""
}
, violations {
  quota_metric: ""generativelanguage.googleapis.com/generate_content_free_tier_requests""
  quota_id: ""GenerateRequestsPerDayPerProjectPerModel-FreeTier""
  quota_dimensions {
    key: ""model""
    value: ""gemini-2.5-flash""
  }
  quota_dimensions {
    key: ""location""
    value: ""global""
  }
  quota_value: 20
}
, retry_delay {
  seconds: 20
}
]",
How a dodgy bank loan led to nearly 40 years as a pro punter - proving old-school methods still have their place,https://www.racingpost.com/news/features/masters-of-betting/how-a-dodgy-bank-loan-led-to-nearly-40-years-as-a-pro-punter-proving-old-school-methods-still-have-their-place-aKazg3g7sdy3/,racing_post,"摘要失敗: 429 You exceeded your current quota, please check your plan and billing details. For more information on this error, head to: https://ai.google.dev/gemini-api/docs/rate-limits. To monitor your current usage, head to: https://ai.dev/rate-limit. 
* Quota exceeded for metric: generativelanguage.googleapis.com/generate_content_free_tier_requests, limit: 20, model: gemini-2.5-flash
Please retry in 15.876138369s. [links {
  description: ""Learn more about Gemini API quotas""
  url: ""https://ai.google.dev/gemini-api/docs/rate-limits""
}
, violations {
  quota_metric: ""generativelanguage.googleapis.com/generate_content_free_tier_requests""
  quota_id: ""GenerateRequestsPerDayPerProjectPerModel-FreeTier""
  quota_dimensions {
    key: ""model""
    value: ""gemini-2.5-flash""
  }
  quota_dimensions {
    key: ""location""
    value: ""global""
  }
  quota_value: 20
}
, retry_delay {
  seconds: 15
}
]",
"'Why's it not been done sooner?' - Friday Night Live is off and running, and it's a hit with students, racegoers and revellers alike",https://www.racingpost.com/news/britain/whys-it-not-been-done-sooner-friday-night-live-is-off-and-running-and-its-a-hit-with-students-racegoers-and-revellers-alike-aEzNh1p5FVXa/,racing_post,"摘要失敗: 429 You exceeded your current quota, please check your plan and billing details. For more information on this error, head to: https://ai.google.dev/gemini-api/docs/rate-limits. To monitor your current usage, head to: https://ai.dev/rate-limit. 
* Quota exceeded for metric: generativelanguage.googleapis.com/generate_content_free_tier_requests, limit: 20, model: gemini-2.5-flash
Please retry in 11.488153275s. [links {
  description: ""Learn more about Gemini API quotas""
  url: ""https://ai.google.dev/gemini-api/docs/rate-limits""
}
, violations {
  quota_metric: ""generativelanguage.googleapis.com/generate_content_free_tier_requests""
  quota_id: ""GenerateRequestsPerDayPerProjectPerModel-FreeTier""
  quota_dimensions {
    key: ""model""
    value: ""gemini-2.5-flash""
  }
  quota_dimensions {
    key: ""location""
    value: ""global""
  }
  quota_value: 20
}
, retry_delay {
  seconds: 11
}
]",
Warwick passes inspection on Saturday morning; all systems go at Newbury for William Hill Hurdle day,https://www.racingpost.com/news/britain/newbury-raceable-and-benefiting-from-12-hours-of-dry-weather-while-warwick-remains-confident-despite-raceday-inspection-aWgd95e0nfzl/,racing_post,"摘要失敗: 429 You exceeded your current quota, please check your plan and billing details. For more information on this error, head to: https://ai.google.dev/gemini-api/docs/rate-limits. To monitor your current usage, head to: https://ai.dev/rate-limit. 
* Quota exceeded for metric: generativelanguage.googleapis.com/generate_content_free_tier_requests, limit: 20, model: gemini-2.5-flash
Please retry in 7.104839468s. [links {
  description: ""Learn more about Gemini API quotas""
  url: ""https://ai.google.dev/gemini-api/docs/rate-limits""
}
, violations {
  quota_metric: ""generativelanguage.googleapis.com/generate_content_free_tier_requests""
  quota_id: ""GenerateRequestsPerDayPerProjectPerModel-FreeTier""
  quota_dimensions {
    key: ""model""
    value: ""gemini-2.5-flash""
  }
  quota_dimensions {
    key: ""location""
    value: ""global""
  }
  quota_value: 20
}
, retry_delay {
  seconds: 7
}
]",
BHA exploring significant cut to fixture list as number of runners predicted to fall by 5-10% in next two years,https://www.racingpost.com/news/britain/by-2027-well-have-probably-between-five-and-ten-per-cent-fewer-runners-compared-to-2024-could-this-affect-the-fixture-list-ayYnl8I6HNLU/,racing_post,"摘要失敗: 429 You exceeded your current quota, please check your plan and billing details. For more information on this error, head to: https://ai.google.dev/gemini-api/docs/rate-limits. To monitor your current usage, head to: https://ai.dev/rate-limit. 
* Quota exceeded for metric: generativelanguage.googleapis.com/generate_content_free_tier_requests, limit: 20, model: gemini-2.5-flash
Please retry in 2.746551244s. [links {
  description: ""Learn more about Gemini API quotas""
  url: ""https://ai.google.dev/gemini-api/docs/rate-limits""
}
, violations {
  quota_metric: ""generativelanguage.googleapis.com/generate_content_free_tier_requests""
  quota_id: ""GenerateRequestsPerDayPerProjectPerModel-FreeTier""
  quota_dimensions {
    key: ""model""
    value: ""gemini-2.5-flash""
  }
  quota_dimensions {
    key: ""location""
    value: ""global""
  }
  quota_value: 20
}
, retry_delay {
  seconds: 2
}
]",
Warwick calls inspection for Saturday's ITV card as wet weather causes disruption but Newbury 'raceable',https://www.racingpost.com/news/britain/conditions-set-to-ease-further-at-newbury-but-track-confident-saturdays-card-will-go-ahead-despite-forecast-rain-a0MLl1V6GM3g/,racing_post,"摘要失敗: 429 You exceeded your current quota, please check your plan and billing details. For more information on this error, head to: https://ai.google.dev/gemini-api/docs/rate-limits. To monitor your current usage, head to: https://ai.dev/rate-limit. 
* Quota exceeded for metric: generativelanguage.googleapis.com/generate_content_free_tier_requests, limit: 20, model: gemini-2.5-flash
Please retry in 58.356913132s. [links {
  description: ""Learn more about Gemini API quotas""
  url: ""https://ai.google.dev/gemini-api/docs/rate-limits""
}
, violations {
  quota_metric: ""generativelanguage.googleapis.com/generate_content_free_tier_requests""
  quota_id: ""GenerateRequestsPerDayPerProjectPerModel-FreeTier""
  quota_dimensions {
    key: ""model""
    value: ""gemini-2.5-flash""
  }
  quota_dimensions {
    key: ""location""
    value: ""global""
  }
  quota_value: 20
}
, retry_delay {
  seconds: 58
}
]",
Latest twist in Sands Of Mali saga as court orders owner-breeder Steve Parkin to release covering certificates,https://www.racingpost.com/news/ireland/latest-twist-in-sands-of-mali-saga-as-court-orders-owner-breeder-to-release-covering-certificates-aUphM5A76JNm/,racing_post,"摘要失敗: 429 You exceeded your current quota, please check your plan and billing details. For more information on this error, head to: https://ai.google.dev/gemini-api/docs/rate-limits. To monitor your current usage, head to: https://ai.dev/rate-limit. 
* Quota exceeded for metric: generativelanguage.googleapis.com/generate_content_free_tier_requests, limit: 20, model: gemini-2.5-flash
Please retry in 53.979124991s. [links {
  description: ""Learn more about Gemini API quotas""
  url: ""https://ai.google.dev/gemini-api/docs/rate-limits""
}
, violations {
  quota_metric: ""generativelanguage.googleapis.com/generate_content_free_tier_requests""
  quota_id: ""GenerateRequestsPerDayPerProjectPerModel-FreeTier""
  quota_dimensions {
    key: ""model""
    value: ""gemini-2.5-flash""
  }
  quota_dimensions {
    key: ""location""
    value: ""global""
  }
  quota_value: 20
}
, retry_delay {
  seconds: 53
}
]",
A shambles of an investigation from start to finish - the IHRB had absolutely no case against Philip Byrnes,https://www.racingpost.com/news/opinion/comment/a-shambles-of-an-investigation-from-start-to-finish-the-ihrb-had-absolutely-no-case-against-philip-byrnes-aKRqg0T24TKY/,racing_post,"摘要失敗: 429 You exceeded your current quota, please check your plan and billing details. For more information on this error, head to: https://ai.google.dev/gemini-api/docs/rate-limits. To monitor your current usage, head to: https://ai.dev/rate-limit. 
* Quota exceeded for metric: generativelanguage.googleapis.com/generate_content_free_tier_requests, limit: 20, model: gemini-2.5-flash
Please retry in 49.638529676s. [links {
  description: ""Learn more about Gemini API quotas""
  url: ""https://ai.google.dev/gemini-api/docs/rate-limits""
}
, violations {
  quota_metric: ""generativelanguage.googleapis.com/generate_content_free_tier_requests""
  quota_id: ""GenerateRequestsPerDayPerProjectPerModel-FreeTier""
  quota_dimensions {
    key: ""model""
    value: ""gemini-2.5-flash""
  }
  quota_dimensions {
    key: ""location""
    value: ""global""
  }
  quota_value: 20
}
, retry_delay {
  seconds: 49
}
]",
Gordon Elliott has been slashed to 2-1 to be champion trainer - but is that a brilliant price or a brutal one?Gordon Elliott has been slashed to 2-1 to be champion trainer - but is that a brilliant price or a brutal one?,https://www.racingpost.com/news/opinion/comment/gordon-elliott-has-been-slashed-to-2-1-to-be-champion-trainer-but-is-that-a-brilliant-price-or-a-brutal-one-aPBvE1D0ZvAq/,racing_post,"摘要失敗: 429 You exceeded your current quota, please check your plan and billing details. For more information on this error, head to: https://ai.google.dev/gemini-api/docs/rate-limits. To monitor your current usage, head to: https://ai.dev/rate-limit. 
* Quota exceeded for metric: generativelanguage.googleapis.com/generate_content_free_tier_requests, limit: 20, model: gemini-2.5-flash
Please retry in 45.269080231s. [links {
  description: ""Learn more about Gemini API quotas""
  url: ""https://ai.google.dev/gemini-api/docs/rate-limits""
}
, violations {
  quota_metric: ""generativelanguage.googleapis.com/generate_content_free_tier_requests""
  quota_id: ""GenerateRequestsPerDayPerProjectPerModel-FreeTier""
  quota_dimensions {
    key: ""model""
    value: ""gemini-2.5-flash""
  }
  quota_dimensions {
    key: ""location""
    value: ""global""
  }
  quota_value: 20
}
, retry_delay {
  seconds: 45
}
]",
Labour’s gambling crackdown is a gift to criminals - and an insult to everyone who likes a bet,https://www.racingpost.com/news/opinion/comment/labours-gambling-crackdown-is-a-gift-to-criminals-and-an-insult-to-everyone-who-likes-a-bet-aDMTb8o2kU6I/,racing_post,"摘要失敗: 429 You exceeded your current quota, please check your plan and billing details. For more information on this error, head to: https://ai.google.dev/gemini-api/docs/rate-limits. To monitor your current usage, head to: https://ai.dev/rate-limit. 
* Quota exceeded for metric: generativelanguage.googleapis.com/generate_content_free_tier_requests, limit: 20, model: gemini-2.5-flash
Please retry in 40.887261532s. [links {
  description: ""Learn more about Gemini API quotas""
  url: ""https://ai.google.dev/gemini-api/docs/rate-limits""
}
, violations {
  quota_metric: ""generativelanguage.googleapis.com/generate_content_free_tier_requests""
  quota_id: ""GenerateRequestsPerDayPerProjectPerModel-FreeTier""
  quota_dimensions {
    key: ""model""
    value: ""gemini-2.5-flash""
  }
  quota_dimensions {
    key: ""location""
    value: ""global""
  }
  quota_value: 20
}
, retry_delay {
  seconds: 40
}
]",
"Q&A: 'There’s a churn of trainers moving, dying, retiring, going skint. It’s a very hard game to get established in, and you need luck'",https://www.racingpost.com/news/features/interviews/theres-a-churn-of-trainers-moving-dying-retiring-going-skint.-its-a-very-hard-game-to-get-established-in-and-you-need-luck-aZHF71k1gyFY,racing_post,"摘要失敗: 429 You exceeded your current quota, please check your plan and billing details. For more information on this error, head to: https://ai.google.dev/gemini-api/docs/rate-limits. To monitor your current usage, head to: https://ai.dev/rate-limit. 
* Quota exceeded for metric: generativelanguage.googleapis.com/generate_content_free_tier_requests, limit: 20, model: gemini-2.5-flash
Please retry in 36.511649387s. [links {
  description: ""Learn more about Gemini API quotas""
  url: ""https://ai.google.dev/gemini-api/docs/rate-limits""
}
, violations {
  quota_metric: ""generativelanguage.googleapis.com/generate_content_free_tier_requests""
  quota_id: ""GenerateRequestsPerDayPerProjectPerModel-FreeTier""
  quota_dimensions {
    key: ""model""
    value: ""gemini-2.5-flash""
  }
  quota_dimensions {
    key: ""location""
    value: ""global""
  }
  quota_value: 20
}
, retry_delay {
  seconds: 36
}
]",
'Everything came to a head and we needed to survive - but now the future looks very rosy',https://www.racingpost.com/news/features/interviews/everything-came-to-a-head-and-we-needed-to-survive-but-now-the-future-looks-very-rosy-aRmUh5D8UNqy/,racing_post,"摘要失敗: 429 You exceeded your current quota, please check your plan and billing details. For more information on this error, head to: https://ai.google.dev/gemini-api/docs/rate-limits. To monitor your current usage, head to: https://ai.dev/rate-limit. 
* Quota exceeded for metric: generativelanguage.googleapis.com/generate_content_free_tier_requests, limit: 20, model: gemini-2.5-flash
Please retry in 32.143361086s. [links {
  description: ""Learn more about Gemini API quotas""
  url: ""https://ai.google.dev/gemini-api/docs/rate-limits""
}
, violations {
  quota_metric: ""generativelanguage.googleapis.com/generate_content_free_tier_requests""
  quota_id: ""GenerateRequestsPerDayPerProjectPerModel-FreeTier""
  quota_dimensions {
    key: ""model""
    value: ""gemini-2.5-flash""
  }
  quota_dimensions {
    key: ""location""
    value: ""global""
  }
  quota_value: 20
}
, retry_delay {
  seconds: 32
}
]",
"‘I thought I’d never replicate the buzz of riding a winner at Cheltenham, but this is way better’ - meet the finance high-flyer who conquered racing",https://www.racingpost.com/news/features/the-big-read/i-thought-id-never-replicate-the-buzz-of-riding-a-winner-at-cheltenham-but-this-is-way-better-meet-the-finance-high-flyer-who-conquered-racing-a6Nb03a7mc8X/,racing_post,"摘要失敗: 429 You exceeded your current quota, please check your plan and billing details. For more information on this error, head to: https://ai.google.dev/gemini-api/docs/rate-limits. To monitor your current usage, head to: https://ai.dev/rate-limit. 
* Quota exceeded for metric: generativelanguage.googleapis.com/generate_content_free_tier_requests, limit: 20, model: gemini-2.5-flash
Please retry in 27.796764693s. [links {
  description: ""Learn more about Gemini API quotas""
  url: ""https://ai.google.dev/gemini-api/docs/rate-limits""
}
, violations {
  quota_metric: ""generativelanguage.googleapis.com/generate_content_free_tier_requests""
  quota_id: ""GenerateRequestsPerDayPerProjectPerModel-FreeTier""
  quota_dimensions {
    key: ""model""
    value: ""gemini-2.5-flash""
  }
  quota_dimensions {
    key: ""location""
    value: ""global""
  }
  quota_value: 20
}
, retry_delay {
  seconds: 27
}
]",
He was one of racing's most powerful leaders. Now he's free to explain how the sport really works,https://www.racingpost.com/news/features/interviews/he-was-one-of-racings-most-powerful-leaders.-now-hes-free-to-explain-how-the-sport-really-works-a7z3A4d9Tckw,racing_post,"摘要失敗: 429 You exceeded your current quota, please check your plan and billing details. For more information on this error, head to: https://ai.google.dev/gemini-api/docs/rate-limits. To monitor your current usage, head to: https://ai.dev/rate-limit. 
* Quota exceeded for metric: generativelanguage.googleapis.com/generate_content_free_tier_requests, limit: 20, model: gemini-2.5-flash
Please retry in 23.454682324s. [links {
  description: ""Learn more about Gemini API quotas""
  url: ""https://ai.google.dev/gemini-api/docs/rate-limits""
}
, violations {
  quota_metric: ""generativelanguage.googleapis.com/generate_content_free_tier_requests""
  quota_id: ""GenerateRequestsPerDayPerProjectPerModel-FreeTier""
  quota_dimensions {
    key: ""model""
    value: ""gemini-2.5-flash""
  }
  quota_dimensions {
    key: ""location""
    value: ""global""
  }
  quota_value: 20
}
, retry_delay {
  seconds: 23
}
]",
Abu Dhabi: Strauss strings along his rivals as he leads Japan to Gold Cup glory over British and Irish challengers,https://www.racingpost.com/news/reports/strauss-strings-along-his-rivals-as-he-leads-japan-to-abu-dhabi-gold-cup-glory-over-british-and-irish-challengers-a8zss1j8wmcR/,racing_post,"摘要失敗: 429 You exceeded your current quota, please check your plan and billing details. For more information on this error, head to: https://ai.google.dev/gemini-api/docs/rate-limits. To monitor your current usage, head to: https://ai.dev/rate-limit. 
* Quota exceeded for metric: generativelanguage.googleapis.com/generate_content_free_tier_requests, limit: 20, model: gemini-2.5-flash
Please retry in 19.079671596s. [links {
  description: ""Learn more about Gemini API quotas""
  url: ""https://ai.google.dev/gemini-api/docs/rate-limits""
}
, violations {
  quota_metric: ""generativelanguage.googleapis.com/generate_content_free_tier_requests""
  quota_id: ""GenerateRequestsPerDayPerProjectPerModel-FreeTier""
  quota_dimensions {
    key: ""model""
    value: ""gemini-2.5-flash""
  }
  quota_dimensions {
    key: ""location""
    value: ""global""
  }
  quota_value: 20
}
, retry_delay {
  seconds: 19
}
]",
Marco Botti hands Pierre-Charles Boudot a return to top table with Group 1 ride on Giavelotto,https://www.racingpost.com/news/international/marco-botti-hands-pierre-charles-boudot-a-return-to-top-table-with-group-1-ride-on-giavelotto-arC892w3BsRI/,racing_post,"摘要失敗: 429 You exceeded your current quota, please check your plan and billing details. For more information on this error, head to: https://ai.google.dev/gemini-api/docs/rate-limits. To monitor your current usage, head to: https://ai.dev/rate-limit. 
* Quota exceeded for metric: generativelanguage.googleapis.com/generate_content_free_tier_requests, limit: 20, model: gemini-2.5-flash
Please retry in 14.726393287s. [links {
  description: ""Learn more about Gemini API quotas""
  url: ""https://ai.google.dev/gemini-api/docs/rate-limits""
}
, violations {
  quota_metric: ""generativelanguage.googleapis.com/generate_content_free_tier_requests""
  quota_id: ""GenerateRequestsPerDayPerProjectPerModel-FreeTier""
  quota_dimensions {
    key: ""model""
    value: ""gemini-2.5-flash""
  }
  quota_dimensions {
    key: ""location""
    value: ""global""
  }
  quota_value: 20
}
, retry_delay {
  seconds: 14
}
]",
'I looked up at Christ and thought he was trying to tell me something' - Frankie Dettori retires as a racing god after a dazzling last day,https://www.racingpost.com/news/reports/i-looked-up-at-christ-and-thought-he-was-trying-to-tell-me-something-frankie-dettori-retires-as-a-racing-god-after-a-dazzling-last-day-in-brazil-aYVxE2H5ynQl/,racing_post,"摘要失敗: 429 You exceeded your current quota, please check your plan and billing details. For more information on this error, head to: https://ai.google.dev/gemini-api/docs/rate-limits. To monitor your current usage, head to: https://ai.dev/rate-limit. 
* Quota exceeded for metric: generativelanguage.googleapis.com/generate_content_free_tier_requests, limit: 20, model: gemini-2.5-flash
Please retry in 10.34144895s. [links {
  description: ""Learn more about Gemini API quotas""
  url: ""https://ai.google.dev/gemini-api/docs/rate-limits""
}
, violations {
  quota_metric: ""generativelanguage.googleapis.com/generate_content_free_tier_requests""
  quota_id: ""GenerateRequestsPerDayPerProjectPerModel-FreeTier""
  quota_dimensions {
    key: ""model""
    value: ""gemini-2.5-flash""
  }
  quota_dimensions {
    key: ""location""
    value: ""global""
  }
  quota_value: 20
}
, retry_delay {
  seconds: 10
}
]",
Franck Nivard enters into trotting legend as outsider Hokkaido Jiel propels driver to sixth Prix d'Amerique victory,https://www.racingpost.com/news/international/focus-on-france/franck-nivard-enters-into-trotting-legend-as-outsider-hokkaido-jiel-propels-driver-to-sixth-prix-damerique-victory-aVBhO5o3CONw/,racing_post,"摘要失敗: 429 You exceeded your current quota, please check your plan and billing details. For more information on this error, head to: https://ai.google.dev/gemini-api/docs/rate-limits. To monitor your current usage, head to: https://ai.dev/rate-limit. 
* Quota exceeded for metric: generativelanguage.googleapis.com/generate_content_free_tier_requests, limit: 20, model: gemini-2.5-flash
Please retry in 5.971381824s. [links {
  description: ""Learn more about Gemini API quotas""
  url: ""https://ai.google.dev/gemini-api/docs/rate-limits""
}
, violations {
  quota_metric: ""generativelanguage.googleapis.com/generate_content_free_tier_requests""
  quota_id: ""GenerateRequestsPerDayPerProjectPerModel-FreeTier""
  quota_dimensions {
    key: ""model""
    value: ""gemini-2.5-flash""
  }
  quota_dimensions {
    key: ""location""
    value: ""global""
  }
  quota_value: 20
}
, retry_delay {
  seconds: 5
}
]",
Can Franck Gio make it a truly golden week for Matthieu Abrivard and complete his Prix d'Amerique quest?,https://www.racingpost.com/news/international/focus-on-france/can-franck-gio-make-it-a-truly-golden-week-for-matthieu-abrivard-and-complete-his-prix-damerique-quest-ajE6B8C5afo4/,racing_post,"摘要失敗: 429 You exceeded your current quota, please check your plan and billing details. For more information on this error, head to: https://ai.google.dev/gemini-api/docs/rate-limits. To monitor your current usage, head to: https://ai.dev/rate-limit. 
* Quota exceeded for metric: generativelanguage.googleapis.com/generate_content_free_tier_requests, limit: 20, model: gemini-2.5-flash
Please retry in 1.516826175s. [links {
  description: ""Learn more about Gemini API quotas""
  url: ""https://ai.google.dev/gemini-api/docs/rate-limits""
}
, violations {
  quota_metric: ""generativelanguage.googleapis.com/generate_content_free_tier_requests""
  quota_id: ""GenerateRequestsPerDayPerProjectPerModel-FreeTier""
  quota_dimensions {
    key: ""model""
    value: ""gemini-2.5-flash""
  }
  quota_dimensions {
    key: ""location""
    value: ""global""
  }
  quota_value: 20
}
, retry_delay {
  seconds: 1
}
]",
Who are the star names to watch out for in trotting among the trainers and drivers?,https://www.racingpost.com/news/international/focus-on-france/who-are-the-star-names-to-watch-out-for-in-trotting-among-the-trainers-and-drivers-arYkU0q15Kvf/,racing_post,"摘要失敗: 429 You exceeded your current quota, please check your plan and billing details. For more information on this error, head to: https://ai.google.dev/gemini-api/docs/rate-limits. To monitor your current usage, head to: https://ai.dev/rate-limit. 
* Quota exceeded for metric: generativelanguage.googleapis.com/generate_content_free_tier_requests, limit: 20, model: gemini-2.5-flash
Please retry in 57.119306435s. [links {
  description: ""Learn more about Gemini API quotas""
  url: ""https://ai.google.dev/gemini-api/docs/rate-limits""
}
, violations {
  quota_metric: ""generativelanguage.googleapis.com/generate_content_free_tier_requests""
  quota_id: ""GenerateRequestsPerDayPerProjectPerModel-FreeTier""
  quota_dimensions {
    key: ""model""
    value: ""gemini-2.5-flash""
  }
  quota_dimensions {
    key: ""location""
    value: ""global""
  }
  quota_value: 20
}
, retry_delay {
  seconds: 57
}
]",
'It’s not a normal race and there aren’t really even any tactics. Anything can happen and everyone has a chance',https://www.racingpost.com/news/international/focus-on-france/its-not-a-normal-race-and-there-arent-really-even-any-tactics.-anything-can-happen-and-everyone-has-a-chance-aCcoH5w4Hklt,racing_post,"摘要失敗: 429 You exceeded your current quota, please check your plan and billing details. For more information on this error, head to: https://ai.google.dev/gemini-api/docs/rate-limits. To monitor your current usage, head to: https://ai.dev/rate-limit. 
* Quota exceeded for metric: generativelanguage.googleapis.com/generate_content_free_tier_requests, limit: 20, model: gemini-2.5-flash
Please retry in 52.73850962s. [links {
  description: ""Learn more about Gemini API quotas""
  url: ""https://ai.google.dev/gemini-api/docs/rate-limits""
}
, violations {
  quota_metric: ""generativelanguage.googleapis.com/generate_content_free_tier_requests""
  quota_id: ""GenerateRequestsPerDayPerProjectPerModel-FreeTier""
  quota_dimensions {
    key: ""model""
    value: ""gemini-2.5-flash""
  }
  quota_dimensions {
    key: ""location""
    value: ""global""
  }
  quota_value: 20
}
, retry_delay {
  seconds: 52
}
]",
Shock Coral Cup decision shows bookmakers are drawing a line - now racing waits nervously to see where it will fall,https://www.racingpost.com/news/opinion/comment/shock-coral-cup-decision-shows-bookmakers-are-drawing-a-line-now-racing-waits-nervously-to-see-where-it-will-fall-atEFm7l6luaT/,racing_post,"摘要失敗: 429 You exceeded your current quota, please check your plan and billing details. For more information on this error, head to: https://ai.google.dev/gemini-api/docs/rate-limits. To monitor your current usage, head to: https://ai.dev/rate-limit. 
* Quota exceeded for metric: generativelanguage.googleapis.com/generate_content_free_tier_requests, limit: 20, model: gemini-2.5-flash
Please retry in 48.366570186s. [links {
  description: ""Learn more about Gemini API quotas""
  url: ""https://ai.google.dev/gemini-api/docs/rate-limits""
}
, violations {
  quota_metric: ""generativelanguage.googleapis.com/generate_content_free_tier_requests""
  quota_id: ""GenerateRequestsPerDayPerProjectPerModel-FreeTier""
  quota_dimensions {
    key: ""model""
    value: ""gemini-2.5-flash""
  }
  quota_dimensions {
    key: ""location""
    value: ""global""
  }
  quota_value: 20
}
, retry_delay {
  seconds: 48
}
]",
Government funding to tackle illegal gambling looks insufficient as evidence of black market growth mounts up,https://www.racingpost.com/news/opinion/comment/government-funding-to-tackle-illegal-gambling-looks-insufficient-as-evidence-of-black-market-growth-mounts-up-apqc93X3NVYT/,racing_post,"摘要失敗: 429 You exceeded your current quota, please check your plan and billing details. For more information on this error, head to: https://ai.google.dev/gemini-api/docs/rate-limits. To monitor your current usage, head to: https://ai.dev/rate-limit. 
* Quota exceeded for metric: generativelanguage.googleapis.com/generate_content_free_tier_requests, limit: 20, model: gemini-2.5-flash
Please retry in 44.017865053s. [links {
  description: ""Learn more about Gemini API quotas""
  url: ""https://ai.google.dev/gemini-api/docs/rate-limits""
}
, violations {
  quota_metric: ""generativelanguage.googleapis.com/generate_content_free_tier_requests""
  quota_id: ""GenerateRequestsPerDayPerProjectPerModel-FreeTier""
  quota_dimensions {
    key: ""model""
    value: ""gemini-2.5-flash""
  }
  quota_dimensions {
    key: ""location""
    value: ""global""
  }
  quota_value: 20
}
, retry_delay {
  seconds: 44
}
]",
Political climate is increasingly harsh for bookmakers - and that may drive need for racing and betting to rebuild bridges,https://www.racingpost.com/news/opinion/comment/political-climate-is-increasingly-harsh-for-bookmakers-and-that-may-drive-need-for-racing-and-betting-to-rebuild-bridges-aJECc8J03sBI/,racing_post,"摘要失敗: 429 You exceeded your current quota, please check your plan and billing details. For more information on this error, head to: https://ai.google.dev/gemini-api/docs/rate-limits. To monitor your current usage, head to: https://ai.dev/rate-limit. 
* Quota exceeded for metric: generativelanguage.googleapis.com/generate_content_free_tier_requests, limit: 20, model: gemini-2.5-flash
Please retry in 39.641393489s. [links {
  description: ""Learn more about Gemini API quotas""
  url: ""https://ai.google.dev/gemini-api/docs/rate-limits""
}
, violations {
  quota_metric: ""generativelanguage.googleapis.com/generate_content_free_tier_requests""
  quota_id: ""GenerateRequestsPerDayPerProjectPerModel-FreeTier""
  quota_dimensions {
    key: ""model""
    value: ""gemini-2.5-flash""
  }
  quota_dimensions {
    key: ""location""
    value: ""global""
  }
  quota_value: 20
}
, retry_delay {
  seconds: 39
}
]",
Inside the battle for raceday data - which looks set to scupper Lord Allen’s grand plans for BHA,https://www.racingpost.com/news/opinion/comment/inside-the-battle-for-raceday-data-which-looks-set-to-scupper-lord-allens-grand-plans-for-bha-a97Lr0F0psZS/,racing_post,"摘要失敗: 429 You exceeded your current quota, please check your plan and billing details. For more information on this error, head to: https://ai.google.dev/gemini-api/docs/rate-limits. To monitor your current usage, head to: https://ai.dev/rate-limit. 
* Quota exceeded for metric: generativelanguage.googleapis.com/generate_content_free_tier_requests, limit: 20, model: gemini-2.5-flash
Please retry in 35.304639836s. [links {
  description: ""Learn more about Gemini API quotas""
  url: ""https://ai.google.dev/gemini-api/docs/rate-limits""
}
, violations {
  quota_metric: ""generativelanguage.googleapis.com/generate_content_free_tier_requests""
  quota_id: ""GenerateRequestsPerDayPerProjectPerModel-FreeTier""
  quota_dimensions {
    key: ""model""
    value: ""gemini-2.5-flash""
  }
  quota_dimensions {
    key: ""location""
    value: ""global""
  }
  quota_value: 20
}
, retry_delay {
  seconds: 35
}
]",
Crawford fancies weight swing and return to Sha Tin for Encountered in G3 Vase,https://www.scmp.com/sport/racing/article/3342775/brett-crawford-fancies-weight-swing-and-return-sha-tin-encountered-centenary-vase,scmp_racing,"摘要失敗: 429 You exceeded your current quota, please check your plan and billing details. For more information on this error, head to: https://ai.google.dev/gemini-api/docs/rate-limits. To monitor your current usage, head to: https://ai.dev/rate-limit. 
* Quota exceeded for metric: generativelanguage.googleapis.com/generate_content_free_tier_requests, limit: 20, model: gemini-2.5-flash
Please retry in 30.858329356s. [links {
  description: ""Learn more about Gemini API quotas""
  url: ""https://ai.google.dev/gemini-api/docs/rate-limits""
}
, violations {
  quota_metric: ""generativelanguage.googleapis.com/generate_content_free_tier_requests""
  quota_id: ""GenerateRequestsPerDayPerProjectPerModel-FreeTier""
  quota_dimensions {
    key: ""model""
    value: ""gemini-2.5-flash""
  }
  quota_dimensions {
    key: ""location""
    value: ""global""
  }
  quota_value: 20
}
, retry_delay {
  seconds: 30
}
]",2026-02-07 19:40
Top Australian jockey Brown and Yuen set to join elite HK riding ranks,https://www.scmp.com/sport/racing/article/3342647/top-australian-jockey-ethan-brown-and-nichola-yuen-set-join-elite-hong-kong-riding-ranks,scmp_racing,"摘要失敗: 429 You exceeded your current quota, please check your plan and billing details. For more information on this error, head to: https://ai.google.dev/gemini-api/docs/rate-limits. To monitor your current usage, head to: https://ai.dev/rate-limit. 
* Quota exceeded for metric: generativelanguage.googleapis.com/generate_content_free_tier_requests, limit: 20, model: gemini-2.5-flash
Please retry in 25.705871879s. [links {
  description: ""Learn more about Gemini API quotas""
  url: ""https://ai.google.dev/gemini-api/docs/rate-limits""
}
, violations {
  quota_metric: ""generativelanguage.googleapis.com/generate_content_free_tier_requests""
  quota_id: ""GenerateRequestsPerDayPerProjectPerModel-FreeTier""
  quota_dimensions {
    key: ""model""
    value: ""gemini-2.5-flash""
  }
  quota_dimensions {
    key: ""location""
    value: ""global""
  }
  quota_value: 20
}
, retry_delay {
  seconds: 25
}
]",2026-02-06 16:16
Lui puts faith in Speed Dragon and Chancheng Glory to continue purple patch,https://www.scmp.com/sport/racing/article/3342533/francis-lui-puts-faith-speed-dragon-and-chancheng-glory-continue-purple-patch,scmp_racing,"摘要失敗: 429 You exceeded your current quota, please check your plan and billing details. For more information on this error, head to: https://ai.google.dev/gemini-api/docs/rate-limits. To monitor your current usage, head to: https://ai.dev/rate-limit. 
* Quota exceeded for metric: generativelanguage.googleapis.com/generate_content_free_tier_requests, limit: 20, model: gemini-2.5-flash
Please retry in 21.260284374s. [links {
  description: ""Learn more about Gemini API quotas""
  url: ""https://ai.google.dev/gemini-api/docs/rate-limits""
}
, violations {
  quota_metric: ""generativelanguage.googleapis.com/generate_content_free_tier_requests""
  quota_id: ""GenerateRequestsPerDayPerProjectPerModel-FreeTier""
  quota_dimensions {
    key: ""model""
    value: ""gemini-2.5-flash""
  }
  quota_dimensions {
    key: ""location""
    value: ""global""
  }
  quota_value: 20
}
, retry_delay {
  seconds: 21
}
]",2026-02-05 18:29
The state of play as the HK racing season approaches halfway point,https://www.scmp.com/sport/racing/article/3342487/state-play-hong-kong-racing-season-approaches-halfway,scmp_racing,"摘要失敗: 429 You exceeded your current quota, please check your plan and billing details. For more information on this error, head to: https://ai.google.dev/gemini-api/docs/rate-limits. To monitor your current usage, head to: https://ai.dev/rate-limit. 
* Quota exceeded for metric: generativelanguage.googleapis.com/generate_content_free_tier_requests, limit: 20, model: gemini-2.5-flash
Please retry in 16.198504512s. [links {
  description: ""Learn more about Gemini API quotas""
  url: ""https://ai.google.dev/gemini-api/docs/rate-limits""
}
, violations {
  quota_metric: ""generativelanguage.googleapis.com/generate_content_free_tier_requests""
  quota_id: ""GenerateRequestsPerDayPerProjectPerModel-FreeTier""
  quota_dimensions {
    key: ""model""
    value: ""gemini-2.5-flash""
  }
  quota_dimensions {
    key: ""location""
    value: ""global""
  }
  quota_value: 20
}
, retry_delay {
  seconds: 16
}
]",2026-02-05 15:05
SCMP Best Bets: Conrad Patch can make it second time lucky at Sha Tin,https://www.scmp.com/sport/racing/article/3342784/scmp-best-bets-conrad-patch-can-make-it-second-time-lucky-sha-tin,scmp_racing,"摘要失敗: 429 You exceeded your current quota, please check your plan and billing details. For more information on this error, head to: https://ai.google.dev/gemini-api/docs/rate-limits. To monitor your current usage, head to: https://ai.dev/rate-limit. 
* Quota exceeded for metric: generativelanguage.googleapis.com/generate_content_free_tier_requests, limit: 20, model: gemini-2.5-flash
Please retry in 11.809478113s. [links {
  description: ""Learn more about Gemini API quotas""
  url: ""https://ai.google.dev/gemini-api/docs/rate-limits""
}
, violations {
  quota_metric: ""generativelanguage.googleapis.com/generate_content_free_tier_requests""
  quota_id: ""GenerateRequestsPerDayPerProjectPerModel-FreeTier""
  quota_dimensions {
    key: ""model""
    value: ""gemini-2.5-flash""
  }
  quota_dimensions {
    key: ""location""
    value: ""global""
  }
  quota_value: 20
}
, retry_delay {
  seconds: 11
}
]",2026-02-07 21:58
Romantic Son secures dramatic third-straight Million Challenge for Hayes,https://www.scmp.com/sport/racing/article/3342423/romantic-son-secures-dramatic-third-straight-million-challenge-david-hayes-happy-valley,scmp_racing,"摘要失敗: 429 You exceeded your current quota, please check your plan and billing details. For more information on this error, head to: https://ai.google.dev/gemini-api/docs/rate-limits. To monitor your current usage, head to: https://ai.dev/rate-limit. 
* Quota exceeded for metric: generativelanguage.googleapis.com/generate_content_free_tier_requests, limit: 20, model: gemini-2.5-flash
Please retry in 6.605904284s. [links {
  description: ""Learn more about Gemini API quotas""
  url: ""https://ai.google.dev/gemini-api/docs/rate-limits""
}
, violations {
  quota_metric: ""generativelanguage.googleapis.com/generate_content_free_tier_requests""
  quota_id: ""GenerateRequestsPerDayPerProjectPerModel-FreeTier""
  quota_dimensions {
    key: ""model""
    value: ""gemini-2.5-flash""
  }
  quota_dimensions {
    key: ""location""
    value: ""global""
  }
  quota_value: 20
}
, retry_delay {
  seconds: 6
}
]",2026-02-04 23:46
[東方] '+oNews[i]['title']+',https://racing.on.cc/news.html,on_cc_racing,"摘要失敗: 429 You exceeded your current quota, please check your plan and billing details. For more information on this error, head to: https://ai.google.dev/gemini-api/docs/rate-limits. To monitor your current usage, head to: https://ai.dev/rate-limit. 
* Quota exceeded for metric: generativelanguage.googleapis.com/generate_content_free_tier_requests, limit: 20, model: gemini-2.5-flash
Please retry in 2.330715669s. [links {
  description: ""Learn more about Gemini API quotas""
  url: ""https://ai.google.dev/gemini-api/docs/rate-limits""
}
, violations {
  quota_metric: ""generativelanguage.googleapis.com/generate_content_free_tier_requests""
  quota_id: ""GenerateRequestsPerDayPerProjectPerModel-FreeTier""
  quota_dimensions {
    key: ""model""
    value: ""gemini-2.5-flash""
  }
  quota_dimensions {
    key: ""location""
    value: ""global""
  }
  quota_value: 20
}
, retry_delay {
  seconds: 2
}
]",2026-02-08
[東方] '+(vv['title'])+',https://racing.on.cc/news.html,on_cc_racing,"摘要失敗: 429 You exceeded your current quota, please check your plan and billing details. For more information on this error, head to: https://ai.google.dev/gemini-api/docs/rate-limits. To monitor your current usage, head to: https://ai.dev/rate-limit. 
* Quota exceeded for metric: generativelanguage.googleapis.com/generate_content_free_tier_requests, limit: 20, model: gemini-2.5-flash
Please retry in 57.848030368s. [links {
  description: ""Learn more about Gemini API quotas""
  url: ""https://ai.google.dev/gemini-api/docs/rate-limits""
}
, violations {
  quota_metric: ""generativelanguage.googleapis.com/generate_content_free_tier_requests""
  quota_id: ""GenerateRequestsPerDayPerProjectPerModel-FreeTier""
  quota_dimensions {
    key: ""model""
    value: ""gemini-2.5-flash""
  }
  quota_dimensions {
    key: ""location""
    value: ""global""
  }
  quota_value: 20
}
, retry_delay {
  seconds: 57
}
]",2026-02-08
[東方] '+v[i]['title']+',https://racing.on.cc/news.html,on_cc_racing,"摘要失敗: 429 You exceeded your current quota, please check your plan and billing details. For more information on this error, head to: https://ai.google.dev/gemini-api/docs/rate-limits. To monitor your current usage, head to: https://ai.dev/rate-limit. 
* Quota exceeded for metric: generativelanguage.googleapis.com/generate_content_free_tier_requests, limit: 20, model: gemini-2.5-flash
Please retry in 53.563789595s. [links {
  description: ""Learn more about Gemini API quotas""
  url: ""https://ai.google.dev/gemini-api/docs/rate-limits""
}
, violations {
  quota_metric: ""generativelanguage.googleapis.com/generate_content_free_tier_requests""
  quota_id: ""GenerateRequestsPerDayPerProjectPerModel-FreeTier""
  quota_dimensions {
    key: ""model""
    value: ""gemini-2.5-flash""
  }
  quota_dimensions {
    key: ""location""
    value: ""global""
  }
  quota_value: 20
}
, retry_delay {
  seconds: 53
}
]",2026-02-08
